step,num_active_bins,total_weight,mean_z_mm,std_z_mm,mean_x_mm,std_x_mm,mean_theta_deg,std_theta_deg,mean_E_MeV,total_dose_MeV
10,451,0.9999644,10.249999829158899,1.708410998420101e-07,6.249999895828596,1.0417140307922729e-07,89.7499960338714,2.7937309666980004,60.34608945319835,1.1172399520874023
20,1160,0.99959266,20.25000112025613,1.120256160625626e-06,6.250141448943063,0.020326654565291463,89.75052491148026,4.316060498157798,49.11795934547632,1.3263316001248313
30,5245,0.99877834,30.250001834437626,1.8344376814253223e-06,6.254710079919226,0.256260420989597,89.7489106808639,6.054265726832104,34.76767561450947,1.7668274383613607
40,28256,1.0122466,40.250000942418325,9.424183357449277e-07,6.268520048968398,0.8147371320067417,89.77590981740218,9.509650870980577,9.406151401265126,4.468436284456402
